{"stats":{"minecraft:killed_by":{"minecraft:zombie":1},"minecraft:picked_up":{"minecraft:wooden_axe":1,"minecraft:cocoa_beans":8,"minecraft:crafting_table":4,"minecraft:andesite":1,"minecraft:clay_ball":12,"minecraft:jungle_log":6,"minecraft:wooden_pickaxe":1,"minecraft:flint":1,"minecraft:oak_log":26,"minecraft:dirt":5,"minecraft:sea_pickle":4,"minecraft:apple":1,"minecraft:wheat_seeds":2,"minecraft:stone_pickaxe":2,"minecraft:azalea":1,"minecraft:jungle_sapling":2,"minecraft:bamboo":18,"minecraft:moss_block":1,"minecraft:oak_planks":28,"minecraft:flowering_azalea":2,"minecraft:egg":1,"minecraft:stick":46,"minecraft:raw_iron":8,"minecraft:big_dripleaf":14,"minecraft:gravel":2,"minecraft:porkchop":10,"minecraft:jungle_planks":3,"minecraft:stone_sword":1,"minecraft:rotten_flesh":3,"minecraft:tropical_fish":8,"minecraft:stone_axe":1,"minecraft:bone_meal":1,"minecraft:oak_sapling":2,"minecraft:coal":28,"minecraft:cobblestone":57},"minecraft:used":{"minecraft:stone_sword":20,"minecraft:tropical_fish":5,"minecraft:stone_pickaxe":62,"minecraft:wooden_pickaxe":40,"minecraft:rotten_flesh":1,"minecraft:torch":1,"minecraft:dirt":5,"minecraft:crafting_table":4,"minecraft:jungle_planks":3,"minecraft:wooden_axe":41,"minecraft:apple":1,"minecraft:gravel":2,"minecraft:bamboo":2,"minecraft:stone_axe":3,"minecraft:cobblestone":7,"minecraft:porkchop":3,"minecraft:egg":1},"minecraft:custom":{"minecraft:mob_kills":9,"minecraft:interact_with_crafting_table":6,"minecraft:leave_game":1,"minecraft:time_since_death":81,"minecraft:climb_one_cm":1110,"minecraft:time_since_rest":108,"minecraft:sprint_one_cm":58475,"minecraft:damage_taken":1195,"minecraft:walk_one_cm":28709,"minecraft:drop":8,"minecraft:damage_dealt":1255,"minecraft:swim_one_cm":8615,"minecraft:fly_one_cm":103397,"minecraft:crouch_one_cm":53,"minecraft:play_time":23947,"minecraft:deaths":3,"minecraft:sneak_time":116,"minecraft:walk_under_water_one_cm":2288,"minecraft:jump":657,"minecraft:walk_on_water_one_cm":24932,"minecraft:total_world_time":24153,"minecraft:fall_one_cm":31206},"minecraft:killed":{"minecraft:pig":4,"minecraft:zombie":3,"minecraft:axolotl":1},"minecraft:dropped":{"minecraft:wheat_seeds":2,"minecraft:big_dripleaf":6,"minecraft:azalea":1,"minecraft:oak_sapling":2,"minecraft:jungle_sapling":1,"minecraft:flowering_azalea":2},"minecraft:crafted":{"minecraft:oak_planks":104,"minecraft:crafting_table":2,"minecraft:wooden_pickaxe":2,"minecraft:stone_axe":2,"minecraft:jungle_planks":24,"minecraft:stick":28,"minecraft:stone_pickaxe":3,"minecraft:wooden_axe":2,"minecraft:stone_sword":1,"minecraft:torch":20},"minecraft:mined":{"minecraft:flowering_azalea":2,"minecraft:clay":3,"minecraft:crafting_table":3,"minecraft:tube_coral_wall_fan":1,"minecraft:grass_block":3,"minecraft:jungle_planks":3,"minecraft:jungle_log":6,"minecraft:dead_bush":31,"minecraft:tall_grass":1,"minecraft:moss_block":1,"minecraft:big_dripleaf":5,"minecraft:sea_pickle":1,"minecraft:iron_ore":8,"minecraft:andesite":1,"minecraft:grass":11,"minecraft:oak_log":27,"minecraft:coal_ore":28,"minecraft:cocoa":1,"minecraft:vine":1,"minecraft:gravel":3,"minecraft:dirt":2,"minecraft:bamboo":3,"minecraft:azalea":1,"minecraft:stone":57,"minecraft:small_dripleaf":1,"minecraft:oak_leaves":11,"minecraft:fern":4}},"DataVersion":3337}